{
  "resolution": 0.05,
  "floorSize": 20,
  "robotStart": {
    "x": 0.003846153846153305,
    "y": -0.042638221153846786,
    "theta": 0
  },
  "createdAt": "2026-07-11T14:56:03.346Z"
}