{
  "resolution": 0.05,
  "floorSize": 20,
  "robotStart": {
    "x": 0.03333333333333127,
    "y": 0.23567708333333254,
    "theta": 0
  },
  "createdAt": "2026-07-12T12:39:11.535Z"
}