{
  "resolution": 0.05,
  "floorSize": 20,
  "robotStart": {
    "x": 0.10384615384615331,
    "y": -7.009304887820513,
    "theta": 4.733098961916957
  },
  "createdAt": "2026-07-11T15:17:53.274Z"
}