{
  "resolution": 0.05,
  "floorSize": 20,
  "robotStart": {
    "x": 0.003846153846153305,
    "y": -0.042638221153846786,
    "theta": 4.733098961916957
  },
  "createdAt": "2026-07-11T15:11:06.573Z"
}