{
  "resolution": 0.05,
  "floorSize": 20,
  "robotStart": {
    "x": 0.03333333333333127,
    "y": 0.23567708333333254,
    "theta": 4.755535168465302
  },
  "createdAt": "2026-07-10T16:25:42.022Z"
}